time,heart_rate
0,83
1,78
2,73
3,79
4,80
5,83
6,85
7,81
8,78
9,73
10,79
11,80
12,84
13,83
14,82
15,77
16,71
17,79
18,82
19,84
20,84
21,82
22,74
23,71
24,80
25,81
26,84
27,85
28,79
29,73
30,79
31,90
32,93
33,96
34,96
35,91
36,86
37,93
38,95
39,98
40,100
41,98
42,94
43,90
44,97
45,115
46,118
47,119
48,116
49,111
50,106
51,115
52,115
53,119
54,120
55,114
56,111
57,105
58,114
59,116
60,119
61,119
62,114
63,109
64,103
65,114
66,118
67,118
68,119
69,113
70,107
71,114
72,115
73,118
74,119
75,118
76,111
77,107
78,115
79,114
80,119
81,119
82,116
83,111
84,106
85,114
86,116
87,120
88,118
89,115
90,110
91,104
92,115
93,116
94,119
95,119
96,114
97,108
98,104
99,115
100,116
101,119
102,119
103,112
104,108
105,114
106,115
107,118
108,119
109,117
110,112
111,107
112,113
113,115
114,119
115,118
116,117
117,111
118,106
119,114
120,116
121,119
122,119
123,116
124,108
125,105
126,115
127,115
128,120
129,119
130,114
131,108
132,104
133,114
134,117
135,120
136,117
137,113
138,108
139,113
140,116
141,118
142,119
143,117
144,112
145,106
146,114
147,116
148,117
149,119
150,117
151,109
152,107
153,114
154,116
155,119
156,119
157,115
158,109
159,106
160,113
161,117
162,120
163,118
164,115
165,108
166,103
167,115
168,117
169,119
170,118
171,114
172,106
173,114
174,116
175,117
176,120
177,117
178,112
179,106
180,114
181,115
182,118
183,120
184,115
185,110
186,107
187,113
188,117
189,119
190,119
191,115
192,109
193,105
194,114
195,118
196,118
197,119
198,115
199,107
200,104
201,115
202,117
203,119
204,118
205,113
206,107
207,115
208,114
209,118
210,120
211,116
212,113
213,106
214,114
215,115
216,118
217,119
218,116
219,111
220,105
221,114
222,117
223,118
224,120
225,114
226,106
227,100
228,108
229,109
230,109
231,107
232,101
233,93
234,87
235,97
236,97
237,98
238,95
239,88
240,82
241,89
242,89
243,92
244,92
245,90
246,83
247,78
248,86
249,86
250,89
251,89
252,86
253,79
254,75
255,82
256,84
257,87
258,86
259,82
260,75
261,71
262,79
263,81
264,83
265,82
266,78
267,71
268,64
269,77
270,83
